Name,WarehouseId
SALA-LUBRIFICACAO,1
056-C-006,1
002-A-004,1
104-A-002,1
DEP.LUBRIF,1
MEZANINO-03-J,1
105-B-106,1
6678,1
069-G-001,1
088-D-001,1
Vazio,1
065-D-001,1
069-SUP,1
069-F-002,1
070-F-006,1
069-E-002,1
064-H-008,1
004-B-061,1
01-A-002,1
MEZANINO-B-001,1
3879,1
003-D-002,1
002-A-002,1
MEZANINO-027-O,1
MEZANINO-03-N,1
MEZANINO-01-J,1
003-A-005,1
3688,1
001-A-006,1
MEZANINO-F-001,1
MEZANINO-Z13-062,1
102-B-030,1
016-C-002,1
103-C-103,1
052-F-008,1
MEZANINO-031-J,1
047-G-003,1
065-G-004,1
056-D-007,1
056-D-008,1
056-F-005,1
056-C-007,1
052-D-004,1
104-SUP,1
103-C-104,1
004-C-010,1
004-C-009,1
016-D-001,1
104-B-085,1
059-G-001,1
052-G-006,1
MEZANINO-S-002,1
MEZANINO-05-J,1
MEZANINO-031-N,1
101-A-002,1
101-A-003,1
048-D-004,1
056-C-008,1
056-D-005,1
051-F-004,1
047-E-003,1
005-B-002,1
016-D-008,1
104-B-108,1
105-B-112/B-113,1
105-C-048,1
105-B-036,1
105-B-094,1
105-B-104,1
104-B-070,1
105-C-022/C-55,1
104-B-089,1
MEZANINO-M-015,1
105-B-127,1
104-B-122,1
105-B-093,1
105-B-054,1
104-B-037,1
101-A-001,1
065-E-005,1
056-D-003,1
056-C-005,1
105-B-008,1
105-B-102,1
056-D-006,1
105-B-052,1
065-C-004,1
105-C-028,1
105-C-122,1
MEZANINO-C-062,1
052-F-003,1
052-F-005,1
105-D-003,1
104-B-004,1
065-SUP,1
104-C-002,1
105-C-029,1
104-C-031,1
105-B-070/A-002,1
104-C-060,1
MEZANINO-048-Q,1
105-C-037,1
104-B-074,1
105-B-045,1
105-B-010,1
105-B-083,1
105-B-028,1
MEZANINO-060-E,1
105-B-084,1
105-B-046,1
105-B-001,1
105-B-056,1
065-F-002,1
MEZANINO-58-H,1
089-A-003,1
MEZANINO-09-E,1
105-B-067,1
105-B-076,1
105-B-048,1
MEZANINO-A-023,1
MEZANINO-044-C,1
056-A-002,1
065-A-004,1
MEZANINO-042-N,1
MEZANINO-V-024,1
098-B-003,1
MEZANINO-042-B,1
059-H-002,1
105-C-015,1
056-C-004,1
048-B-002,1
104-C-006,1
104-B-107,1
089-B-003,1
067-F-001,1
064-E-001,1
MEZANINO-011-A,1
192-A-082,1
MEZANINO-031-Z11,1
003-B-048,1
003-B-061,1
104-B-068,1
103-C-036,1
103-C-037,1
103-C-044,1
5040,1
088-A-002,1
004-C-046,1
103-C-034,1
103-A-001,1
103-C-035/034,1
103-SUP,1
056-B-003,1
MEZANINO-B-062,1
059-C-002,1
MEZANINO-031-E,1
052-E-004,1
MEZANINO-032-G,1
MEZANINO-06-F,1
MEZANINO-032-D,1
016-G-006,1
065-E-008,1
052-A-003,1
103-C-100,1
MEZANINO-019-I,1
093-A-001,1
052-D-007,1
052-E-008,1
6566,1
MEZANINO-044-B,1
052-A-002,1
101-D-002,1
103-C-077,1
103-C-040,1
060-G-006,1
103-C-042,1
6569,1
MEZANINO-023-H,1
103-C-68,1
103-C-039,1
103-C-038,1
103-C-067,1
101-B-002,1
MEZANINO-A-022,1
047-D-004,1
098-B-002,1
052-E-002,1
067-H-008,1
072/SUP,1
104-B-065,1
MEZANINO-05-G,1
MEZANINO-06-T,1
052-F-006,1
MEZANINO-027-I,1
MEZANINO-H-002,1
105-B-016,1
MEZANINO-06-I,1
010-B-010,1
060-E-008,1
3173,1
020-B-005,1
3441,1
MEZANINO-05-E,1
3413,1
3156,1
048-E-006,1
104-C-026,1
MEZANINO-007-E,1
065-B-004,1
105-B-085,1
090-B-003,1
104-A-003,1
069-H-001,1
089-A-001,1
093-D-001,1
MEZANINO-06-L,1
MEZANINO-F-062,1
048-F-005,1
101-B-003,1
094-D-001,1
MEZANINO-031-Z2,1
MEZANINO-029-B,1
MEZANINO-029-A,1
067-C-001,1
052-C-005,1
005-D-030,1
048-F-006,1
MEZANINO-054-J,1
051-H-008,1
092-B-002,1
105-C-102,1
MEZANINO-N-062,1
048-G-001,1
052-D-008,1
MEZANINO-D-013,1
052-C-008,1
MEZANINO-L-003,1
104-C-059,1
067-A-003,1
016-E-003,1
090-B-002,1
MEZANINO-008-B,1
093-B-001,1
051-C-002,1
052-H-002,1
089-B-002,1
059-E-004,1
104-C-112,1
048-H-005,1
004-C-026,1
051-C-007,1
016-E-004,1
059-E-003,1
059-D-005,1
065-H-008,1
105-B-059,1
104-C-030,1
105-C-129,1
105-B-060,1
104-B-053,1
105-C-003,1
103-C-072,1
6331,1
104-C-076,1
104-B-082,1
MEZANINO-029-E,1
MEZANINO-029-L,1
105-B-069,1
105-B-020,1
088-A-001,1
065-G-003,1
105-B-115,1
105-B-111,1
102-B-122,1
104-C-078,1
110-B-091,1
3686,1
056-E-006,1
101-C-002,1
052-A-004,1
004-A-001,1
101-B-001,1
065-B-003,1
064-B-002,1
MEZANINO-H-062,1
051-F-005,1
051-E-005,1
MEZANINO-040-D,1
MEZANINO-H-018,1
069-C-002,1
065-F-001,1
006-C-001,1
MEZANINO-029-D,1
MEZANINO-029-N,1
MEZANINO-03-F,1
MEZANINO-06-R,1
MEZANINO-012-Y,1
090-C-002,1
3668,1
096-B-003,1
003-C-015,1
003-B-003,1
MEZANINO-010-E,1
051-E-001,1
MEZANINO-05-D,1
064-D-006,1
064-E-005,1
005-C-002,1
MEZANINO-06-A,1
MEZANINO-06-S,1
MEZANINO-004-H,1
MEZANINO-010-A,1
MEZANINO-L-023,1
048-F-001,1
088-A-003,1
7615,1
056-F-003,1
MEZANINO-06-G,1
MEZANINO-010-M,1
MEZANINO-040-A,1
056-F-008,1
056-F-007,1
104-B-124,1
104-C-043/SUP,1
089-B-001,1
104-B-027,1
105-C-124,1
003-B-007,1
003-B-009,1
001-A-002,1
089-D-003,1
101-C-003,1
MEZANINO-014-L,1
056-F-004,1
MEZANINO-05-H,1
093-C-002,1
016-F-001/SUP,1
MEZANINO-010-V,1
105-SUP,1
111-C-069,1
MEZANINO-010-B,1
3145,1
016-F-007,1
104-B-050,1
105-A-003,1
MEZANINO-09-M,1
104-C-074,1
MEZANINO-010-C,1
104-B-079,1
104-D-002,1
MEZANINO-010-J,1
105-B-043,1
004-C-021,1
004-C-039,1
MEZANINO-017-C,1
MEZANINO-040-M,1
MEZANINO-017-Z/3,1
002-D-001,1
001-C-059,1
MEZANINO-032-E,1
MEZANINO-032-B,1
060-B-003,1
103-B-007,1
004-C-079,1
003-D-001,1
016-H-005,1
MEZANINO-010-S,1
104-B-043,1
089-A-002,1
105-B-110,1
MEZANINO-010-T,1
105-B-029,1
104-B-041,1
059-F-005,1
105-B-047,1
089-C-003,1
060-C-002,1
2849,1
098-C-002,1
002-B-054,1
192-A-101,1
052-B-001,1
103-A-002,1
MEZANINO-I-002,1
MEZANINO-F-002,1
101-D-001,1
7616,1
MEZANINO-009-K,1
089-C-002,1
093-C-001,1
003-B-050,1
MEZANINO-E-062,1
MEZANINO-026-S,1
105-B-019,1
069-D-002,1
MEZANINO-029-I,1
016-D-002,1
004-C-060,1
102-B-075,1
MEZANINO-029-H,1
MEZANINO-031-U,1
MEZANINO-012-E,1
MEZANINO-D-031,1
MEZANINO-007-A,1
105-B-117,1
088-B-002,1
103/SUP,1
MEZANINO-09-J,1
104-B-017,1
105-B-071,1
105-A-002,1
056-A-001,1
002-C-050,1
051-B-009,1
105-C-109,1
MEZANINO-013-H,1
003-C-048,1
009-B-014,1
003-C-055,1
191-A-057,1
105-C-041,1
105-B-070,1
059-D-006,1
069-D-001,1
052-C-006,1
192-A-005,1
102-A-003,1
1121,1
1117,1
MEZANINO-007-J,1
191-A-079,1
191-A-003,1
068-C-008,1
016-SUP,1
MEZANINO-F-022,1
105-B-015,1
105-B-004,1
105-B-040,1
105-C-047,1
191-A-020,1
105-B-066,1
105-C-033,1
105-B-132,1
192-A-001-002,1
105-B-114,1
5234,1
191-A-008,1
191-A-022,1
192-A-105,1
065-C-008,1
105-B-086,1
105-C-036,1
MEZANINO-03-O,1
105-C-021,1
191-A-028,1
MEZANINO-Q-022,1
4656,1
065-F-008,1
056-B-002,1
MEZANINO-06-M,1
052-F-001,1
MEZANINO-027-N,1
MEZANINO-05-L,1
056-E-002,1
MEZANINO-R-022,1
MEZANINO-012-C,1
MEZANINO-020-C,1
006-B-083,1
052-E-007,1
191-A-002,1
MEZANINO-U-024,1
008-B-028,1
3394,1
3393,1
MEZANINO-032-F,1
003-C-016,1
MEZANINO-015-J,1
7573,1
MEZANINO-06-D,1
MEZANINO-031-G,1
MEZANINO-029-C,1
002-B-049,1
MEZANINO-O22-R,1
060-C-004,1
060-H-001,1
MEZANINO-09-F,1
103-C-71/A-001,1
MEZANINO-011-F,1
001-A-001,1
137,1
003-C-010,1
090-A-002,1
016-C-004,1
MEZANINO-06-P,1
191-A-046,1
004-C-045,1
052-D-006,1
MEZANINO-010-X,1
104-C-081,1
104-C-085,1
105-B-002,1
104-B-058,1
105-C-044/SUP,1
MEZANINO-09-A,1
052-F-007,1
105-C-127,1
104-B-131,1
MEZANINO-09-H,1
047-B-003,1
052-D-005,1
088-C-003,1
065-C-006,1
052-G-002,1
104-C-029,1
7991,1
7227,1
MEZANINO-J-025,1
105-B-092,1
048-C-005,1
051-D-006,1
051-E-007,1
104-C-115,1
104-C-005,1
105-C-014,1
056-SUP,1
093-A-002,1
MEZANINO-18-H,1
3919,1
003-B-067,1
098-B-001,1
004-C-023,1
MEZANINO-05-N,1
MEZANINO-06-N,1
005-D-001,1
104-C-003,1
065-A-003,1
104-C-007,1
105-C-039,1
105-C-024,1
104-C-041,1
105-C-018,1
059-C-004,1
105-B-049,1
104-B-020,1
006-B-062,1
192-A-103-104,1
047-C-003,1
068-B-004,1
090-C-003,1
068-D-004,1
093-B-002,1
020-C-003,1
065-E-007,1
065-F-004,1
016-G-003,1
093-A-003,1
090-B-001,1
047-C-004,1
020-E-002/SUP,1
MEZANINO-022-V,1
MEZANINO-A-26,1
103-B-30/31,1
016-C-001,1
093-C-003,1
020-D-009,1
020-D-001/004,1
020-E-002,1
065-G-006,1
065-D-005,1
094-C-002,1
105-B-025,1
052-B-002,1
192-A-086,1
105-C-005,1
105-B-101,1
016-D-005,1
102-A-002,1
MEZANINO-026-D,1
191-A-006,1
064-A-004,1
MEZANINO-G-062,1
MEZANINO-A-062,1
059-D-008,1
1101,1
016-E-008,1
056-A-004/SUP,1
MEZANINO-007-C,1
020-B-009,1
020-H-005,1
020-F-010,1
016-A-002,1
105-C-052,1
104-C-075,1
105-C-054,1
MEZANINO-029-K,1
MEZANINO-A-024,1
MEZANINO-044-M,1
MEZZANINO-M-022,1
7309,1
104-B-132,1
065-G-001,1
090-D-002,1
104-C-114,1
MEZANINO-007-L,1
MEZANINO-09-C,1
060-C-003,1
055-F-001,1
016-C-005,1
MEZANINO-022-H,1
060-D-001,1
048-D-008,1
016-D-006,1
MEZANINO-M-001,1
MEZANINO-01-H,1
091-D-002,1
MEZANINO-B-024,1
051-G-010,1
091-A-002,1
066-B-001,1
192-A-122,1
094-D-003,1
191-A-78,1
048-C-002,1
104-B-057,1
091-C-001,1
048-F-007,1
MEZANINO-031-W,1
104-B-102,1
105-C-046,1
105-C-078,1
104-C-001,1
MEZANINO-031-Z14,1
104-B-054,1
MEZANINO-031-Z15,1
MEZANINO-036-M,1
067-G-003,1
DPU,1
068-G-004,1
056-B-004,1
066-G-001,1
MEZANINO-036-B,1
065-E-001,1
MEZANINO-A-019,1
MEZANINO-N-022,1
020-G-001,1
020-I-002,1
020-I-003,1
060-A-003,1
020-H-001,1
MEZANINO-026-N,1
020-SUP,1
020-I-001,1
020-F-002,1
020-F-003,1
MEZANINO-030-S,1
090-A-003,1
064-G-006,1
MEZANINO-026-Y,1
105-B-064,1
105-B-075,1
192-A-038,1
191-A-045,1
191-A-086,1
105-B-018,1
020-G-003,1
063-E-009,1
MEZANINO-032-O,1
MEZANINO-D-034,1
048-G-008,1
048-F-004,1
MEZANINO-T-024,1
091-B-002,1
068-A-001,1
094-A-003,1
052-C-004,1
105-B-006,1
089-C-001,1
064-C-005,1
063-D-010,1
016-C-007,1
069-E-001,1
MEZANINO-006-H,1
048-H-002,1
MEZANINO-042-E,1
MEZANINO-042-M,1
MEZANINO-046-L,1
047-B-001,1
MEZANINO-046-B,1
048-C-008,1
192-A-137,1
MEZANINO-003-B,1
048-G-007,1
MEZANINO-062-Z6,1
088-C-001,1
105-B-125,1
MEZANINO-008-C,1
SALA CLIMATIZADO,1
059-B-001,1
MEZANINO-008-A,1
MEZANINO-007-I,1
052-D-001,1
065-G-007,1
051-B-001,1
105-B-013,1
090-C-001,1
068-B-001,1
052-B-003,1
094-B-003,1
MEZANINO-L-022,1
048-F-008,1
104-B-094,1
104-B-095,1
MEZANINO-041-K,1
020-G-004,1
MEZANINO-I-023,1
104-B-039,1
096-A-003,1
MEZANINO-014-M,1
004-B-098,1
004-B-099,1
048-D-006,1
105-A-001,1
MEZANINO-A-015,1
056-A-004,1
052-E-005,1
004-B-100,1
051-D-007,1
104-C-119,1
103-A-003,1
191-A-021,1
059-C-006,1
PISO,1
020-E-004,1
016-C-006,1
MEZANINO-031-Z5,1
056-E-008,1
191-A-087,1
MEZANINO-047-A,1
MEZANINO-K-008,1
068-E-005,1
016-D-003,1
055-B-001,1
005-D-002,1
MEZANINO-007-D,1
064-F-005,1
090-A-001,1
052-C-001,1
048-C-004,1
MEZANINO-06-O,1
048-D-005,1
MEZANINO-003-F,1
059-G-002,1
MEZANINO-S-022,1
MEZANINO-P-024,1
104-B-080,1
104-B-056,1
MEZANINO-008-G,1
105-B-090,1
047-A-002,1
052-F-004,1
098-D-003,1
020-G-006,1
006-A-001,1
016-B-002,1
052-SUP,1
MEZANINO-B-022,1
MEZANINO-014-T,1
MEZANINO-06-J,1
099-B-002,1
MEZANINO-D-062,1
059-B-002,1
MEZANINO-026-I,1
MEZANINO-60-B,1
094-B-002,1
MEZANINO-06-K,1
006-B-001,1
052-B-004,1
020-B-010,1
MEZANINO-K-023,1
048-H-001,1
067-B-003,1
105-C-001/002,1
016-G-004,1
105-B-130,1
105-C-012,1
105-B-079/080,1
MEZANINO-A-025,1
104-C-106,1
MEZANINO-B--019,1
056-H-005,1
104-B-011,1
065-F-007/SUP,1
105-B-050,1
105-C-031/032,1
101-D-003,1
016-D-007,1
104-C-67,1
052-F-002,1
MEZANINO-031-Z12,1
MEZANINO-031-Z6,1
051-B-003,1
MEZANINO-005-J,1
006-A-002,1
051-C-010,1
3667,1
051-D-010,1
064-F-001,1
105-B-081,1
59-E-004,1
MEZANINO-017-T,1
105-B-007,1
059-D-003,1
068-F-001,1
MEZANINO-011-D,1
067-C-002,1
068-G-005,1
068-D-008,1
068-E-003,1
067-D-002,1
104-B-105,1
104-B-091,1
065-D-006,1
066-C-007,1
104-B-093,1
104-B-036,1
105-C-026,1
105-B-089,1
104-C-100,1
104-B-052,1
104-B-125,1
105-B-074,1
068-E-006,1
105-C-126,1
MEZANINO-011-K,1
067-C-003,1
104-B-087,1
104-B-013,1
104-B-119,1
105-B-012,1
047-D-001,1
104-C-016,1
069-G-002,1
MEZANINO-X-022,1
056-C-003,1
069-F-001,1
056-G-008,1
056-H-006,1
052-G-005,1
098-A-001,1
105-B-014,1
051-D-002,1
105-B-024,1
105-C-023,1
104-C-073,1
105-C-049,1
065-E-006,1
105-B-030,1
MEZANINO-011-M,1
020-D-005,1
MEZANINO-G-022,1
105-C-034,1
064-C-002,1
064-E-004,1
103-B-002,1
055-E-001,1
064-E-003,1
067-D-003,1
067-B-002,1
020-F-005,1
MEZANINO-031-Z9,1
052-G-007,1
MEZANINO-031-Y,1
MEZANINO-B-025,1
056-F-001,1
051-D-009,1
MEZANINO-J-023,1
MEZANINO-018-C,1
105-B-095,1
060-E-006,1
048-A-002,1
105-B-131,1
105-B-088,1
066-E-002,1
3420,1
3430,1
104-D-003,1
105-B-003,1
MEZANINO-S-024,1
MEZANINO-I-001,1
048-B-001,1
MEZANINO-T-062,1
105-B-072,1
059-A-003,1
060-SUP,1
055-SUP,1
105-C-006,1
MEZANINO-007-M,1
056-C-001,1
MEZANINO-046-D,1
016-B-001,1
MEZANINO-D-025,1
055-E-002,1
MEZANINO-06-H,1
065-C-007,1
052-G-001,1
052-C-003,1
102-A-001,1
102-B-041,1
102-D-001,1
103-B-016/SUP,1
102-B-042,1
103-B-091,1
102-C-076,1
102-B-072,1
004-A-002,1
102-C-102,1
091-C-002,1
6142,1
MEZANINO-O-023,1
MEZANINO-046-A,1
103-B-005,1
MEZANINO-026-O,1
003-C-025,1
003-B-0010,1
102-B-077,1
102-B-108,1
MEZANINO-06-U,1
MEZANINO-042-G,1
1106,1
102-B-074,1
020-B-003,1
102-B-073,1
098-C-003,1
MEZANINO-021-N,1
103-B-077,1
102-C-002/SUP,1
101-C-001,1
102-B-104,1
102-C-056,1
102-C-068,1
102-C-077,1
102-C-067,1
103-B-108,1
MEZANINO-017-Z,1
MEZANINO-E-0-019,1
106-SUP,1
068-D-005,1
103-C-049,1
052-H-003,1
048-C-006,1
102-C-073,1
003-B-046,1
102-C-075,1
MEZANINO-E-019,1
MEZANINO-K-001,1
7620,1
103-C-085,1
056-D-004,1
095-B-003,1
MEZANINO-031-Z,1
6444,1
MEZANINO-048-L,1
MEZANINO-020-D,1
106-C-095/096,1
103-C-032,1
072-C-007,1
MEZANINO-H-023,1
MEZANINO-046-F,1
056-G-004,1
MEZANINO-017-O,1
002-B-102,1
103-B-045,1
6391,1
103-C-022,1
100-A-001,1
MEZANINO-027-G,1
047-H-003,1
048-C-001,1
103-C-098,1
7690,1
6106,1
MEZANINO-H-001,1
7911,1
103-C-031,1
103-B-053,1
102-C-129,1
7954,1
7955,1
056-E-003,1
103-C-021,1
103-C-030,1
103-C-012,1
MEZANINO-G-001,1
1092,1
1098,1
099-C-003,1
1078,1
1113,1
020-B-007,1
MEZANINO-A-002,1
MEZANINO-02-T,1
003-C-040,1
MEZANINO-04-J,1
059-F-004,1
104-C-037,1
103-B-027,1
103-C-018,1
103-C-014,1
MEZANINO-030-G,1
016-H-006,1
103-B-127,1
003-C-053,1
102-C-040,1
001-C-031,1
001-B-081,1
MEZANINO-02-S,1
MEZANINO-050-M,1
005-A-002,1
060-E-003,1
MEZANINO-054-K,1
067-SUP,1
MEZANINO-G-025,1
MEZANINO-032-M,1
069-B-002,1
192-A-060,1
069-C-001,1
069-A-001,1
103-C-062,1
016-E-007,1
060-D-004,1
060-A-004,1
003-C-033,1
016-E-006,1
MEZANINO-E-022,1
4255,1
4250,1
048-D-007,1
095-C-002,1
MEZANINO-046-I,1
MEZANINO-U-062,1
4084,1
006-C-020,1
MEZANINO-002-G,1
7971,1
MEZANINO-007-B,1
MEZANINO-035-E,1
MEZANINO-02-A,1
094-A-002,1
MEZANINO-042-J,1
003-B-038,1
MEZANINO-016-O,1
102-C-007,1
093-D-002,1
MEZANINO-016-G,1
068-E-004,1
068-F-004,1
068-C-002,1
016-F-005,1
064-SUP,1
056-G-002,1
003-C-041,1
7318,1
103-B-081,1
2305,1
103-C-066,1
6414,1
4245,1
102-C-024,1
333333,1
7032,1
002-A-001,1
103-C-033,1
MEZANINO-016-S,1
016-F-008,1
102-C-130,1
MEZANINO-D-015,1
MEZANINO-06-Q,1
MEZANINO-032-L,1
103-B-028,1
103-C-023,1
004-B-021,1
048-E-003,1
MEZANINO-032-C,1
103-C-029,1
108-C-008,1
103-C-019,1
068-B-002/SUP,1
093-B-003,1
072-C-010,1
102-C-103,1
103-C-052,1
052-G-004,1
103-C-051,1
7977,1
002-D-002,1
6628,1
6095,1
003-C-031,1
016-H-003,1
003-C-032,1
105-C-038,1
MEZANINO-N-001,1
055-H-005,1
004-B-072,1
060-C-001,1
060-E-004,1
060-E-007,1
060-A-001,1
004-C-020,1
3663,1
4148,1
103-C-053,1
004-B-037,1
6087,1
067-B-001,1
5012,1
016-C-003,1
MEZANINO-03-A,1
065-E-002,1
103-B-006,1
102-C-041,1
102-C-107,1
004-C-076,1
103-B-056,1
4073,1
5875,1
4066,1
103-C-048,1
108-C-099,1
005-A-001,1
MEZANINO-031-H,1
MEZANINO-011-I,1
6093,1
3357,1
3343,1
MEZANINO-011-B,1
3358,1
MEZANINO-011-H,1
MEZANINO-E-001,1
MEZANINO-011-E,1
3674,1
4194,1
3703,1
3705,1
3704,1
MEZANINO-062-Z2,1
MEZANINO-B-002,1
3690,1
3679,1
MEZANINO-048-W,1
4336,1
3708,1
3681,1
103-B-104,1
3169,1
7912,1
3098,1
5015,1
4998,1
4999,1
4993,1
4996,1
5004,1
MEZANINO-010-R,1
MEZANINO-027-B,1
MEZANINO-016-M,1
103-B-097,1
103-B-111,1
MEZANINO-031-I,1
MEZANINO-044-F,1
MEZANINO-044-E,1
103-B-089,1
020-B-001,1
3293,1
MEZANINO-042-D,1
067-E-001,1
MEZANINO-016-V,1
1090,1
MEZANINO-06-E,1
003-C-044,1
MEZANINO-06-C,1
108-B-108,1
048-D-003,1
MEZANINO-016-H,1
003-C-037,1
3673,1
064-B-003,1
MEZANINO-061-S,1
MEZANINO-044-H,1
MEZANINO-044-A,1
6411,1
MEZANINO-Z03-062,1
MEZANINO-061-N,1
MEZANINO-V-022,1
MEZANINO-022-R,1
MEZANINO-022-K/V,1
MEZANINO-017-K,1
109-B-138,1
MEZANINO-D-023,1
MEZANINO-B-023,1
059-F-001,1
5599,1
MEZANINO-017-U,1
102-C-082,1
MEZANINO-012-S,1
103-B-082,1
103-B-092,1
MEZANINO-W-024,1
MEZANINO-011-C,1
6094,1
MEZANINO-007-H,1
060-G-007,1
MEZANINO-012-K,1
MEZANINO-010-G,1
103-B-093,1
MEZANINO-017-R,1
MEZANINO-044-D,1
5646,1
6412,1
078-E-006,1
105-B-041,1
MEZANINO-T-018,1
4263,1
4232,1
103-B-124,1
MEZANINO-L-018,1
MEZANINO-032-I,1
6315,1
MEZANINO-020-T,1
4070,1
3682,1
7542,1
MEZANINO-03-H,1
MEZANINO-03-G,1
MEZANINO-048-B,1
MEZANINO-048-F,1
MEZANINO-048-A,1
103-C-047,1
004-D-001,1
010-A-002,1
5723,1
MEZANINO-027-K,1
064-G-004,1
020-G-002,1
3844,1
MEZANINO-007-K,1
MEZANINO-031-R,1
MEZANINO-019-L,1
MEZANINO-020-R,1
MEZANINO-021-A,1
103-C-046,1
MEZANINO-J-024,1
099-A-003,1
001-B-008,1
103-B-083,1
7804,1
MEZANINO-012-V,1
7915,1
103-B-014,1
7914,1
844,1
103-C-015,1
MEZANINO-017-H,1
MEZANINO-014-F,1
102-C-048/SUP,1
003-C-045,1
MEZANINO-012-W,1
103-B-087,1
7663,1
103-B-086,1
MEZANINO-003-N,1
7908,1
103-B-116,1
MEZANINO-031-Z3,1
103-B-049,1
103-B-025,1
103-B-24,1
103-B-098,1
5363,1
4657,1
5224,1
5225,1
5011,1
5240,1
5231,1
5007,1
5008,1
5491,1
5489,1
5490,1
191-A-075,1
6567,1
5241,1
7803,1
7802,1
5242,1
6570,1
094-D-002,1
5019,1
5005,1
5006,1
6555,1
5030,1
5485,1
5029,1
5486,1
5003,1
5024,1
6548,1
5025,1
064-G-008,1
7646,1
7647,1
7645,1
7643,1
108-B-105,1
003-C-036,1
7648,1
MEZANINO-031-S,1
MEZANINO-031-C,1
MEZANINO-06-B,1
106-C-031/SUP,1
065-E-003,1
7587,1
7582,1
7590,1
7580,1
4094,1
105-B-126,1
MEZANINO-052-L,1
7584,1
7624,1
7607,1
7641,1
7640,1
7625,1
7639,1
7605,1
7595,1
7604,1
7601,1
7602,1
098-A-002,1
068-A-003,1
MEZANINO-004-T,1
6451,1
068-H-005,1
6452,1
6453,1
6450,1
068-H-004,1
068-C-001,1
MEZANINO-Q-024,1
5013,1
MEZANINO-011-J,1
088-C-002,1
MEZANINO-028-I,1
MEZANINO-017-J,1
7910,1
MEZANINO-042-F,1
4655,1
7583,1
5002,1
092-A-02,1
MEZANINO-03-D,1
3406,1
065-F-005,1
MEZANINO-017-M,1
191-A-099,1
5228,1
102-C-100,1
PISO-2EXT-I,1
102-C-105,1
54,1
067-B-004,1
4277,1
MEZANINO-010-L,1
063-B-004,1
MEZANINO-031-T,1
MEZANINO-029-J,1
MEZANINO-062-Z3,1
MEZANINO-030-H,1
003-C-003,1
001-C-025,1
102-B-066,1
MEZANINO-017--X,1
MEZANINO-029-G,1
003-B-034,1
051-F-008,1
MEZANINO-05-I,1
068-F-007,1
102-B-036,1
059-F-008,1
068-G-007,1
056-C-002,1
3853,1
191-A-064,1
105-B-097,1
067-F-002,1
103-B-044,1
064-C-004,1
7978,1
7558,1
MEZANINO-029-F,1
006-D-026,1
3676,1
4030,1
MEZANINO-Y-031,1
MEZANINO-027-H,1
MEZANINO-I-062,1
3677,1
MEZANINO-017-L,1
MEZANINO-012-J,1
4078,1
102-SUP,1
103-C-080,1
103-C-114,1
055-C-002,1
MEZANINO-05-A,1
4177,1
6205,1
064-A-002,1
048-SUP,1
4994,1
MEZANINO-048-C,1
MEZANINO-048-D,1
MEZANINO-017-S,1
016-F-004,1
103-B-103,1
191-A-094,1
7574,1
7628,1
7614,1
192-A-045,1
192-A-089,1
192-A-020,1
191-A-029,1
MEZANINO-L-001,1
192-A-085,1
4227,1
192-A-047,1
191-A-063,1
192-A-027,1
191-A-083,1
102-B-021,1
003-B-021,1
059-E-001,1
3906,1
MEZANINO-032-H,1
103-C-001,1
006-D-001,1
003-B-047,1
003-B-027,1
MEZANINO-013-J,1
004-C-074,1
MEZANINO-031-L,1
MEZANINO-J-002,1
MEZANINO-G-002,1
3856,1
191-A-082,1
060-E-001,1
072-F-002,1
5499,1
068-C-006,1
016-B-004,1
MEZANINO-032-K,1
MEZANINO-014-A,1
5016,1
060-H-002,1
060-F-001,1
4023,1
5747,1
4020,1
048-A-004,1
064-D-002,1
103-B-001,1
102-B-008,1
6204,1
3380,1
103-B-102,1
103-B-036,1
102-B-068,1
102-C-003,1
102-C-106,1
103-B-040,1
103-B-075,1
MEZANINO-N-024,1
102-B-003,1
103-B-101,1
060-F-004,1
060-E-005,1
105-B-044,1
059-F-006/F-005,1
016-G-002/G-001,1
MEZANINO-06-W,1
108-SUP,1
060-H-006,1
7661,1
MEZNINO-007-A,1
047-A-001,1
MEZANINO-003-E,1
003-B-100,1
102-B-031,1
003-B-098,1
MEZANINO-D-022,1
056-A-003,1
103-C-061,1
4135,1
102-B-067,1
MEZANINO-007-G,1
047-E-002,1
103-B-060,1
064-H-006,1
MEZANINO-013-E,1
MEZANINO-06-Y,1
3900,1
MEZANINO-028-Y,1
MEZANINO-026-J,1
MEZANINO-027-J,1
MEZANINO-044-I,1
063-SUP,1
103-C-122,1
MEZANINO-N-23,1
103-C-063,1
MEZANINO-020-S,1
MEZANINO-020-E,1
MEZANINO-031-M,1
MEZANINO-042-C,1
7617,1
005-B-001,1
056-E-007,1
MEZANINO-016-C,1
105-B-103,1
003-B-054,1
104-C-105,1
MEZANINO-O-006,1
6098,1
091-D-003,1
MEZANINO-048-S,1
4022,1
7993,1
063-E-010,1
MEZANINO-012-B,1
091-C-003,1
056-F-002,1
3855,1
4021,1
5726,1
13,1
003-B-024,1
MEZANINO-028-T,1
MEZANINO-H-030,1
003-B-001,1
102-C-063,1
MEZANINO-B-003,1
MEZANINO-001-K,1
MEZANINO-048-R,1
001-C-001,1
4225,1
5614,1
8000,1
1103,1
020-E-003,1
4018,1
4029,1
4019,1
003-C-008,1
MEZANINO-R-018,1
016-F-002,1
4033,1
MEZANINO-T-022,1
MEZANINO-016-P,1
064-C-008,1
103-C-095,1
MEZANINO-017-N,1
106-C-075,1
MEZANINO-L-024,1
004-B-056,1
051-F-009,1
5014,1
102-B-035,1
003-B-079,1
3905,1
MEZANINO-012-M,1
MEZANINO-C-002,1
055-F-002,1
MEZANINO-050-J,1
104-B-115,1
MEZANINO-F-023,1
059-H-001,1
094-C-003,1
MEZANINO-021-G,1
MEZANINO-I-022,1
MEZANINO-H-029,1
MEZANINO-Z-031,1
111-B-161,1
111-B-156,1
MEZANINO-010-K,1
111-B-158,1
016-F-006,1
MEZANINO-B-034,1
MEZANINO-020-V,1
6554,1
093-D-003,1
103-B-123,1
109-C-025,1
MEZANINO-X-006,1
055-E-006,1
004-B-034,1
4061,1
MEZANINO-046-G,1
108-C-042,1
1088,1
001-C-042,1
001-C-077,1
003-A-002,1
016-C-008,1
3847,1
102-B-099,1
059-SUP,1
003-B-022,1
MEZANINO-014-V,1
7996,1
5654,1
192-A-064,1
5009,1
6339,1
105-B-118,1
MEZANINO-027-M,1
7909,1
4137,1
4178,1
135,1
MEZANINO-C-022,1
3684,1
001-B-080/SUP,1
064-C-001,1
7253,1
060-E-002,1
MEZANINO-030-J,1
6387,1
055-F-008,1
105-B-082,1
104-B-040,1
105-B-017,1
068-F-003,1
5740,1
MEZANINO-020-Y,1
MEZANINO-018-W,1
MEZANINO-G-013,1
MEZANINO-H-022,1
MEZANINO-008-F,1
103-B-129,1
MEZANINO-046-H,1
104-C-088,1
066-D-003,1
105-B-021,1
104-C-087,1
091-B-001,1
090-D-003,1
104-B-042,1
105-B-053,1
MEZANINO-002-S,1
105-B-108,1
068-G-008,1
MEZANINO-M-022,1
MEZANINO-019-D,1
048-A-001,1
191-A-061,1
104-B-048,1
104-B-005,1
060-C-005,1
060-D-008,1
002-B-042,1
052-E-006,1
060-G-001,1
MEZANINO-O15-H,1
7577,1
059-F-003,1
104-C-021,1
016-H-002,1
016-G-005,1
002-B-044,1
059-C-003,1
047-E-001,1
067-D-001,1
104-C-047,1
105-C-079,1
MEZANINO-24-M,1
059-F-006,1
052-A-001,1
192-A-035,1
064-A-001,1
MEZANINO-014-C,1
072-E-006,1
MEZANINO-02-Q,1
192-A-096,1
MEZANINO-G-046,1
052-E-001,1
048-E-008,1
052-D-002,1
048-E-001,1
063-F-010,1
104-B-076,1
063-F-007,1
104-C-062,1
104-C-058,1
064-F-007,1
MEZANINO-026-L,1
072-C-008,1
MEZANINO-023-O,1
MEZANINO-E-023,1
MEZANINO-017-F,1
MEZANINO-P-022,1
052-C-002,1
060-D-003,1
048-D-001,1
MEZANINO-M-035,1
016-D-004,1
192-A-022,1
192-A-025,1
MEZANINO-L-006,1
MEZANINO-I-003,1
063-C-002,1
MEZANINO-H-010,1
104-C-091,1
067-H-006,1
063-D-004,1
MEZANINO-013-F,1
055-F-006,1
MEZANINO-006-N,1
104-C-061,1
MEZANINO-S-062,1
MEZANINO-007-F,1
MEZANINO-002-T,1
MEZANINO-G-028,1
MEZANINO-H-046,1
043-B-002,1
060-G-002,1
052-D-003,1
MEZANINO-E-024,1
055-D-007,1
060-F-002,1
MEZANINO-007-O,1
094-A-001,1
065-G-002,1
104-B-128,1
MEZANINO-036-D,1
104-B-047,1
067-G-008,1
MEZANINO-002-U,1
MEZANINO-008-H,1
MEZANINO-032-A,1
MEZANINO-U-008,1
072-SUP,1
065-G-008,1
104-C-045,1
104-C-083,1
MEZANINO-024-R,1
MEZANINO-U-022,1
MEZANINO-F-024,1
105-C-081,1
010-B-048,1
016-E-002,1
MEZANINO-I-018,1
105-C-057/058,1
MEZANINO-002-V,1
MEZANINO-N-002/SUP,1
MEZANINO-09-I,1
105-B-096,1
089-D-002,1
105-B-109,1
105-B-037,1
104-C-049,1
105-B-034,1
060-F-008,1
047-C-002,1
047-D-002,1
055-C-008,1
111-B-004,1
056-G-005,1
MEZANINO-018-G,1
090-D-001,1
MEZANINO-019-H,1
104-B-064,1
016-E-005,1
72-SUP,1
064-H-002,1
MEZANINO-034-E,1
065-F-007,1
016-H-008,1
MEZANINO-031-X,1
105-C-030,1
MEZANINO-04-O,1
MEZANINO-050-G,1
105-C-108,1
105-C-105,1
105-C-107,1
MEZANINO-H-005,1
3656,1
MEZANINO-052-K,1
MEZANINO-030-X,1
104-C-046,1
MEZANINO-008-K,1
104-C-011,1
047-SUP,1
020-E-006,1
051-D-005,1
MEZANINO-06-X,1
065-B-001,1
020-H-003,1
059-D-002,1
063-G-008,1
020-A-008,1
020-F-004,1
065-D-004,1
047-H-002,1
105-C-062,1
104-B-014,1
105-C-060,1
104-B-103,1
016-F-001,1
105-B-107,1
MEZANINO-022-K,1
104-B-073,1
020-H-009,1
020-I-008,1
020-H-010,1
020-H-007,1
MEZANINO-062-W,1
MEZANINO-052-E,1
051-E-008,1
064-H-005,1
055-E-007,1
192-A-014,1
068-SUP,1
MEZANINO-059-F,1
104-D-001,1
059-E-005,1
069-A-002,1
MEZANINO-T-031,1
104-C-124,1
MEZANINO-024-P,1
063-B-003,1
052-E-003,1
064-C-007,1
MEWZANINO-018-S,1
MEZANINO-W-004,1
055-B-003,1
MEZANINO-044-J,1
065-C-002,1
065-G-005,1
MEZANINO-017-E,1
059-E-008,1
MEZANINO-I-029,1
067-D-004,1
065-H-007,1
192-A-015,1
MEZANINO-036-A,1
MEZANINO-036-L,1
MEZANINO-036-O,1
7972,1
105-B-032,1
MEZANINO-036-K,1
069-B-001,1
MEZANINO-022-G,1
MEZANINO-024-E,1
104-C-056,1
059-E-007,1
063-F-008,1
051-F-007,1
064-D-001,1
091-B-003,1
MEZANINO-006-V,1
MEZANINO-009-C,1
MEZANINO-019-J,1
MEZANINO-031-Z13,1
MEZANINO-020-P,1
097-PISO,1
MEZANINO-001-I,1
191-A-053,1
096-B-002,1
MEZANINO-006-O,1
065-B-002,1
MEZANINO-008-L,1
MEZANINO-032-N,1
MEZANINO-009-N,1
192-A-127,1
055-A-004,1
191-A-068,1
016-A-001,1
068-F-008,1
MEZANINO-011-G,1
104-B-114,1
MEZANINO-011-L,1
MEZANINO-U-004,1
065-D-008,1
065-E-004,1
099-A-002,1
105-C-116,1
MEZANINO-G-003,1
MEZANINO-022-P,1
060-G-004,1
104-B-035,1
105-C-115,1
099-D-001,1
MEZANINO-010-N,1
091-A-003,1
MEZANINO-018-Y,1
MEZANINO-017-Z3,1
001-B-003,1
192-A-091,1
191-A-056,1
192-A-092,1
192-A-066,1
051-C-009,1
7985,1
192-A-087,1
192-A-052,1
191-A-054,1
065-C-003,1
088-B-003,1
016-G-007,1
016-B-003,1
191-A-072,1
016-H-004,1
064-F-003,1
016-E-001,1
065-F-003,1
065-H-001,1
MEZANINO-038-N/O,1
047-D-003,1
020-C-010,1
065-H-006,1
064-H-004,1
020-H-002,1
MEZANINO-M-024,1
MEZANINO-C-023,1
020-I-009,1
105-B-120,1
020-H-008,1
91-A-001,1
192-A-062,1
191-A-025,1
191-A-009,1
191-A-095,1
191-A-070,1
078-SUP,1
191-A-091,1
191-A-051,1
192-A-067,1
192-A-112,1
191-A-031,1
191-A-081,1
191-A-090,1
068-D-006,1
064-H-001,1
MEZANINO-O-021,1
063-G-005,1
095-C-001,1
065-D-002,1
065-A-001,1
065-F-006,1
MEZANINO-003-G,1
067-E-002,1
070-G-001,1
056-F-006,1
MEZANINO-031-Z8,1
MEZANINO-A-020,1
MEZANINO-054-I,1
072-H-005,1
MEZANINO-O-018,1
051-C-001,1
064-E-006,1
064-D-004,1
069-D-001/SUP,1
065-C-001,1
MEZANINO-062-J,1
065-C-005,1
MEZANINO-06-V,1
MEZANINO-K-024,1
104-B-126,1
056-D-001,1
191-A-036,1
MEZANINO-E-021,1
104-C-019,1
MEZANINO-046-C,1
MEZANINO-031-D,1
MEZANINO-010-D,1
MEZANINO-05-M,1
MEZANINO-031--A,1
002-B-003,1
192-A-071,1
191-A-041,1
191-A-089,1
MEZANINO-K-022,1
191-A-059,1
MEZANINO-044-K,1
056-B-001,1
020-C-001,1
MEZANINO-60-A,1
MEZANINO-W-002,1
MEZANINO-042-A,1
191-A-55,1
055-G-005,1
MEZANINO-062-Z4,1
068-D-06,1
PISO-DPU,1
009-C-020,1
191-A-037,1
MEZANINO-02-O,1
099-B-001,1
MEZANINO-G-005,1
048-C-008/SUP,1
020-G-008,1
MEZANINO-05-O,1
191-A-027,1
067-E-006,1
105-B-068,1
010-B-051,1
065-H-003,1
191-A-47,1
MEZANINO-Z2-031,1
105-B-119,1
065-D-003,1
105-C-125,1
105-B-087,1
016-G-008,1
MEZANINO-07-C,1
MEZANINO-032-J,1
104-C-118,1
MEZANINO-001-O,1
068-F-005,1
068-C-005,1
MEZANINO-O-062,1
104-B-127,1
105-C-025,1
068-E-007,1
094-C-001,1
191-A-033,1
191-A-066,1
104-B-111,1
105-B-009,1
MEZANINO-035-M,1
105-B-123,1
104-B-072,1
016-H-007,1
104-C-054/055,1
104-C-014/015,1
059-C-008,1
104-B-001,1
104-C-086,1
MEZANINO-015-I,1
051-B-010,1
006-D-007,1
104-B-110,1
104-B-007,1
105-C-007/008,1
110-A-001,1
064-C-006,1
055-A-002,1
MEZANINO-N-005,1
059-B-004,1
068-H-003,1
068-G-003,1
068-H-006,1
6510,1
MEZANINO-001-A,1
105-D-001,1
091-D-001,1
063-C-010,1
004-C-001,1
MEZANINO-001-L,1
MEZANINO-036-C,1
104-C-028,1
059-C-005,1
059-D-001,1
MEZANINO-004-Q,1
065-A-002,1
MEZANINO-20,1
105-C-056,1
010-B-047,1
063-H-006,1
063-G-010,1
068-E-008,1
MEZANINO-M-24,1
047-E-004,1
099-B-003,1
020-D-004,1
104-C-113,1
MEZANINO-04-T,1
104-B-118,1
MEZANINO-D-024,1
020-F-001,1
MEZANINO-026-H,1
104-C-018,1
104-C-022,1
104-B-055,1
016-F-003,1
059-D-007,1
105-C-013,1
105-C-128,1
106-A-038,1
059-G-006,1
020-C-009,1
020-D-001,1
068-B-002,1
020-I-004,1
059-D-004,1
MEZANINO-051-I,1
048-B-003,1
MEZANINO-E-003,1
055-F-004,1
MEZANINO-04-S,1
066-B-004,1
191-A-097,1
063-D-009,1
104-C-104,1
104-C-013,1
MEZANINO-028-N,1
020-E-001,1
065-D-007,1
020-H-006,1
105-B-078,1
191-A-042,1
MEZANINO-P-002,1
MEZANINO-020-I,1
MEZANINO-M-038,1
MEZANINO-R-006,1
016-A-004,1
059-G-005,1
102-B-002,1
MEZANINO-016-Q,1
MEZANINO-013-B,1
104-B-045,1
104-B-081,1
105-B-128,1
070-E-001,1
020-C-008,1
104-B-030,1
059-E-006,1
059-C-007,1
005-C-001,1
105-B-011,1
MEZANINO-024-S,1
105-B-073,1
051-C-008,1
051-C-006,1
105-C-100,1
192-A-116,1
105-C-111,1
MEZANINO-I-038,1
MEZANINO-004-I,1
MEZANINO-054-G,1
104-B-117,1
105-C-053,1
060-C-003/SUP,1
060-G-008,1
MEZANINO-016-B,1
MEZANINO-008-D,1
4612,1
3356,1
104-B-130,1
MEZANINO-08-T,1
MEZANINO-09-O,1
020-D-008,1
MEZANINO-A-017,1
MEZANINO-012-G,1
MEZANINO-012-A,1
060-H-001/SUP,1
3904,1
3685,1
7627,1
7592,1
001-B-057,1
3873,1
MEZANINO-012-F,1
3901,1
7043,1
MEZANINO-019-G,1
MEZANINO-020-O,1
001-C-078,1
MEZANINO-017-V,1
MEZANINO-048-K,1
MEZANINO-048-M,1
MEZANIINO-08-T,1
MEZANINO-017-B,1
4181,1
MEZANINO-031-K,1
MEZANINO-012-T,1
MEZANINO-B-015,1
103-B-119,1
3378,1
6111,1
002-B-100,1
4168,1
004-C-037,1
002-B-084,1
001-B-095,1
3926,1
104-C-023,1
051-SUP,1
051-D-001,1
051-D-008,1
6086,1
105-B-035,1
104-C-130,1
104-B-046,1
3191,1
105-B-039,1
001-C-024,1
059-F-002,1
003-B-084,1
MEZANINO-020-J,1
MEZANINO-052-J,1
020-G-010,1
MEZANINO-020-H,1
6112,1
6113,1
6404,1
7020,1
MEZANINO-017-D,1
MEZANINO-042-H,1
3696,1
3369,1
048-E-004,1
004-B-077,1
MEZANINO-061-F,1
7923,1
7928,1
7651,1
MEZANINO-012-R,1
060-F-005,1
MEZANINO-017-A,1
051-B-008,1
MEZANINO-B-004,1
104-B-104,1
105-B-038,1
104-SUP/D-003,1
6114,1
MEZANINO-012-H,1
MEZANINO-D-001,1
6084,1
MEZANINO-013--A,1
3340,1
6560,1
3864,1
3862,1
3344,1
MEZANINO-020-K,1
MEZANINO-08-O,1
004-B-051,1
5020,1
004-C-069,1
MEZANINO-019-N,1
6381,1
4081,1
4068,1
MEZANINO-09-N,1
3908,1
5468,1
060-C-006,1
001-C-063,1
004-C-059,1
002-B-009,1
001-D-002,1
004-B-044,1
104-B-038,1
001-B-076,1
6659,1
MEZANINO-V-018,1
MEZANINO-09-G,1
MEZANINO-020-B,1
020-I-010,1
MEZANINO-012-O,1
001-B-027,1
004-B-042,1
MEZANINO-010-I,1
MEZANINO-G-023,1
4044,1
MEZANINO-016-D,1
108-C-101,1
001-C-061,1
003-B-018,1
001-C-058,1
3920,1
5604,1
3928,1
047-B-004,1
002-C-006,1
MEZANINO-020-U,1
001-B-051,1
3914,1
002-B-067,1
002-C-007,1
4207,1
MEZANINO-017-Z/2,1
5623,1
7677,1
5603,1
MEZANINO-F-018,1
MEZANINO-M-018,1
106-A-042,1
MEZANINO-018-M,1
3692,1
104-C-040,1
104-B-121,1
MEZANINO-010-U,1
MEZANINO-Y-024,1
7579,1
4170,1
MEZANINO-Q-002,1
7594,1
MEZANINO-031-P,1
105-C-004,1
4213,1
MEZANINO-016-N,1
MEZANINO-024-C,1
110-B-152,1
051-F-010,1
MEZANINO-016-T,1
104-C-053,1
002-B-078,1
064--B-001,1
MEZANINO-O-022,1
099-A-001,1
MEZANINO-02-R,1
060-D-006,1
003-C-043,1
MEZANINO-042-L,1
103-B-062,1
5027,1
002-C-028,1
MEZANINO-05-B,1
003-B-016,1
108-B-135,1
MEZANINO-013-L,1
MEZANINO-046-E,1
002-B-093,1
3,1
001-B-092,1
109-A-002,1
002-B-004,1
4036,1
002-B-083,1
MEZANINO-048-I,1
4049,1
4032,1
5728,1
001-C-019,1
003-C-006,1
4215,1
MEZANINO-O-005,1
97-C-03,1
004-D-002,1
MEZANINO-048-X,1
6417,1
001-B-078,1
003-A-001,1
107-B-129,1
MEZANINO-022-O,1
MEZANINO-Y-022,1
4992,1
002-C-004,1
MEZANINO-L-002,1
4052,1
MEZANINO-H-021,1
MEZANINO-D-021/G-021,1
063-H-005/H6,1
MEZANINO-P-018,1
003-C-018,1
MEZANINO-A-018,1
MEZANINO-D-018,1
001-B-038,1
MEZANINO-021-O,1
MEZANINO-21-N/K,1
MEZANINO-020-L,1
MEZANINO-019-F,1
MEZANINO-N-018,1
MEZANINO-020-M,1
MEZANINO-017-G,1
111-C-125,1
4072,1
104-B-021,1
MEZANINO-09-B,1
002-B-088,1
7907,1
111-C-132,1
111-C-092,1
4208,1
104-C-012,1
002-B-089,1
001-C-081,1
102-B-124,1
004-C-072,1
4048,1
MEZANINO-020-F,1
3429,1
MEZANINO-016-I,1
MEZANINO-D-002,1
6610,1
467,1
MEZANINO-048-H,1
051-E-004,1
7974,1
3875,1
3868,1
002-B-064,1
6092,1
MEZANINO-012-N,1
6200,1
7988,1
004-B-059,1
104-C-034,1
3349,1
MEZANINO-V-008,1
MEZANINO-012-I,1
104-C-107,1
MEZANINO-016-F,1
4204,1
3377,1
MEZANINO-L-025,1
MEZANINO-G-024,1
094-B-001,1
7274,1
MEZANINO-020-G,1
003-B-082,1
104-B-109,1
MEZANINO-017-Y,1
MEZANINO-017-Z/1,1
191-A-093,1
105-C-045,1
MEZANINO-010-F,1
7621,1
MEZANINO-08-J,1
7217,1
7294,1
MEZANINO-Q-018,1
5882,1
004-C-055,1
004-C-065,1
107-A-053,1
102-B-071,1
138,1
003-B-060,1
102-B-116,1
002-B-068,1
3925,1
3913,1
060-F-006,1
3922,1
004-B-068,1
108-B-134,1
3903,1
102-C-053,1
103-B-061,1
106-A-001,1
103-C-045,1
102-C-045,1
103-B-059/A-003,1
102-C-025,1
102-B-047,1
001-B-096,1
004-C-052,1
055-C-007,1
3867,1
004-C-035,1
7266,1
103-B-095,1
4056,1
MEZANINO-017-I,1
3649,1
104-B-008,1
003-C-013,1
6313,1
3383,1
5886,1
4086,1
4083,1
5887,1
047-A-004,1
4854,1
7666,1
002-C-015,1
3655,1
3657,1
104-C-082,1
104-B-101,1
6402,1
109-A-046,1
MEZANINO-007-N,1
4162,1
003-C-012,1
055-H-007,1
MEZANINO-016-J,1
001-C-023,1
MEZANINO-010-W,1
MEZANINO-010-Y,1
048-E-007,1
004-C-051,1
003-C-020,1
064-H-007,1
6395,1
4140,1
004-B-070,1
7600,1
7626,1
3652,1
102-C-114,1
102-C-032,1
MEZANINO-N-023,1
003-B-032,1
003-B-042,1
003-B-044,1
4206,1
MEZANINO-X-024,1
103-C-087,1
3911,1
016-G-002,1
047-F-003,1
104-C-050,1
MEZANINO-08-E,1
104-C-033,1
111-A-033,1
103-C-013,1
102-C-083,1
102-C-028,1
003-B-030,1
MEZANINO-S-018,1
03-B-12/A-02,1
102-B-017,1
102-B-029,1
1102,1
3346,1
102-B-033,1
5637,1
102-B-059-A-002,1
047-F-004,1
102-C-058,1
102-C-017,1
102-C-019,1
102-C-065,1
102-C-029,1
20-E-010,1
4141,1
3630,1
DEP.PNEU,1
MEZANINO-015-O,1
060-C-008,1
103-B-004,1
002-C-084,1
002-B-066,1
002-B-101,1
003-B-094,1
001-C-051,1
001-B-107,1
102-B-043,1
060-B-001,1
003-C-038,1
001-B-101,1
001-B-102,1
5602,1
103-C-120,1
060-D-005,1
001-B-050,1
3915,1
192-A-125,1
009-A-002,1
001-C-066,1
004-B-023,1
3923,1
104-C-024,1
104-B-123,1
104-B-112,1
6206,1
103-B-048,1
060-F-003,1
003-C-026,1
MEZANINO-017-P,1
003-B-075,1
004-C-016,1
MEZANINO-010-Q,1
091-PISO,1
002-B-085,1
105-B-061,1
103-C-125,1
002-B-038,1
MEZANINO-048-U,1
002-B-96-A1,1
4107,1
004-C-018,1
103-B-065,1
001-C-037,1
002-B-031,1
002-B-016,1
MEZANINO-026-U,1
020-C-004,1
MEZANINO-042-K,1
MEZANINO-042-I,1
020-A-005,1
1105,1
3385,1
103-B-130,1
108-C-039,1
102-B-109,1
4082,1
108-C-123,1
102-C-004,1
MEZANINO-M-002,1
MEZANINO-P-006,1
051-B-006,1
001-C-088,1
MEZANINO-012-D,1
104-B-092,1
3865,1
3872,1
4067,1
002-C-056,1
092-C-001,1
002-B-046,1
MEZANINO-010--H,1
104-C-070,1
111-C-122,1
3474,1
001-C-008,1
3870,1
3876,1
109-A-053,1
004-C-075,1
055-D-008,1
001-C-034,1
1131,1
4174,1
004-C-057,1
002-B-019,1
004-B-001,1
102-B-100,1
002-B-008,1
002-C-080,1
MEZANINO-014-K,1
006-B-002,1
104-C-039,1
104-B-026,1
104-C-042,1
104-B-024,1
002-B-028,1
002-B-011,1
4080,1
002-B-061,1
104-C-010,1
104-B-116,1
MEZANINO-016-E,1
010-B-008,1
3353,1
001-B-074,1
3886,1
052-G-003,1
3478,1
009-B-083,1
106-C-060,1
110-B-134,1
7619,1
001-C-030,1
004-C-012,1
MEZANINO-C-024,1
MEZANINO-048-E,1
3654,1
103-C-026,1
105-B-105,1
3653,1
MEZANINO-010-O,1
104-B-120,1
063-E-008,1
90-A-002,1
MEZANINO-060-F,1
001-B-070,1
002-B-005,1
104-B-084,1
104-B-022,1
009-C-61/62,1
3866,1
048-G-004,1
063-F-008/SUP,1
MEZANINO-016-L,1
004-B-046,1
002-C-079,1
020-C-006,1
003-B-092,1
4077,1
111-B-065/066,1
104-C-109,1
MEZANINO-L-021,1
6105,1
MEZANINO-017-Z/4,1
4043,1
3405,1
6103,1
104-B-029,1
MEZANINO-R-002,1
3929,1
4158,1
192-A-099,1
MEZANINO-031-Z7,1
MEZANINO-011-N,1
MEZANINO-M-023,1
002-B-076,1
003-C-023,1
6201,1
MEZANINO-019-O,1
002-B-020,1
MEZANINO-18-Z3,1
003-C-056,1
001-D-001,1
6085,1
MEZANINO-029-O,1
7544,1
MEZANINO-012-L,1
MEZANINO-019-M,1
106-C-123,1
MEZANINO-018-N,1
106-B-055,1
MEZANINO-031-V,1
107-D-032,1
MEZANINO-020-N,1
MEZANINO-020-Q,1
MEZANINO-018-Z,1
MEZANINO-F-021,1
MEZANINO-C-021,1
MEZANINO-020-X,1
104-C-108,1
111-C-082,1
4188,1
MEZANINO-010-P,1
6413,1
063-C-001,1
4071,1
3348,1
MEZANINO-C-0019,1
MEZANINO-18-P,1
107-C-059,1
MEZANINO-U-018,1
MEZANINO-048-N,1
5885,1
4074,1
MEZANINO-D-019,1
MEZANINO-D-021,1
106-C-033,1
105-C-082,1
MEZANINO-019-K,1
MEZANINO-048-G,1
001-B-037,1
005-B-012,1
005-B-018,1
MEZANINO-018-K,1
5513,1
3637,1
MEZANINO-030-Y,1
MEZANINO-G-019,1
MEZANINO-021-L,1
MEZANINO-I-021,1
7688,1
MEZANINO-021-M,1
109-A-003,1
MEZANINO-G-021,1
MEZANINO-020-A,1
MEZANINO-I-019,1
7927,1
004-C-027,1
110-C-125,1
MEZANINO-014-B,1
4184,1
4185,1
5235,1
064-F-004,1
4034,1
051-E-010,1
109-B-07,1
7610,1
MEZANINO-017-W,1
002-C-045,1
020-C-005,1
MEZANINO-031-Z10,1
002-B-073,1
4210,1
063-E-007,1
002-B-097,1
5237,1
5516,1
MEZANINO-03-E,1
107-C-071,1
MEZANINO-B-018,1
MEZANINO-G-018,1
7630,1
MEZANINO-K-002,1
104-C-071,1
063-I-007,1
104-C-008,1
4183,1
MEZANINO-E-018,1
104-C-123,1
064-D-005,1
104-C-122,1
064-E-007,1
105-C-010,1
001-B-004,1
002-B-029,1
MEZANINO-022-Y,1
088-SUP,1
7416,1
MEZANINO-C-018,1
MEZANINO-016-K,1
095-A-001,1
MEZANINO-048-P,1
7629,1
4197,1
7588,1
5223,1
7634,1
7608,1
5494,1
5496,1
3918,1
5232,1
3153,1
5989,1
MEZANINO-I-024,1
3161,1
3157,1
108-C-072,1
009-B-060,1
MEZANINO-R-024,1
108-C-038,1
MEZANINO-W-022,1
MEZANINO-013-I,1
5669,1
104-B-003,1
056-H-004,1
MEZANINO-014-P,1
001-B-017,1
001-C-060,1
003-B-064,1
001-C-007,1
006-C-002/SUP,1
001-B-015,1
102-C-043,1
001-B-011,1
001-B-065,1
001-B-090,1
001-B-075,1
001-B-064,1
002-B-081,1
MEZANINO-013-D,1
001-B-079,1
004-B-064,1
MEZANINO-023-D,1
001-B-044,1
MEZANINO-013-G,1
001-B-046,1
MEZANINO-048-V,1
005-B-097,1
001-C-012,1
048-D-002,1
001-B-042,1
001-B-036,1
001-B-039,1
001-C-043,1
001-B-013,1
004-C-040/A-001,1
002-B-109,1
MEZANINO-F-005,1
003-B-071,1
7670,1
001-B-019,1
108-B-133,1
MEZANINO-015-K,1
002-C-020,1
MEZANINO-I-015,1
MEZANINO-016-R,1
MEZANINO-C-015,1
002-B-050,1
102-B-107,1
004-C-044,1
002-B-040,1
001-B-032,1
004-C-068,1
005-B-037,1
3650,1
104-C-100/101,1
MEZANINO-024-F,1
3434,1
107-C-089,1
MEZANINO-N-015,1
107-B-121,1
107-C-060,1
3237,1
MEZANINO-017-Q,1
104-C-084,1
107-B-048,1
107-B-047,1
108-A-002,1
MEZANINO-J-022,1
5517,1
6398,1
5725,1
3678,1
3651,1
6100,1
4037,1
MEZANINO-N-021,1
MEZANINO-M-021,1
MEZANINO-020-W,1
3339,1
6090,1
6141,1
7267,1
7668,1
191-A-058,1
7685,1
MEZANINO-03-C,1
7692,1
7684,1
7669,1
3386,1
106-B-061,1
5991,1
106-C-011/SUP,1
6392,1
004-C-049,1
3894,1
MEZANINO-J-018,1
2346,1
5518,1
6385,1
106-C-032,1
104-B-061,1
5515,1
7644,1
7611,1
106-C-108,1
002-B-065,1
4079,1
008-B-009,1
3846,1
4039,1
MEZANINO-20-Y,1
7613,1
3338,1
106-A-043,1
MEZANINO-Y-020,1
111-A-020,1
111-A-025,1
MEZANINO-031-Z4,1
016-A-003,1
4042,1
6388,1
4028,1
001-C-029,1
056-H-003,1
104-C-038,1
4224,1
MEZANINO-012-X,1
5514,1
MEZANINO-062-T,1
4211,1
4212,1
002-B-014,1
002-C-014,1
002-B-098,1
001-B-108,1
002-C-011,1
001-C-050,1
104-C-116,1
002-B-001,1
MEZANINO-E-015,1
002-B-002,1
002-B-022,1
004-C-080,1
002-B-013,1
007-D-001,1
020-I-005,1
103-B-038,1
048-B-004,1
MEZANINO-016-Y,1
001-B-054,1
002-B-108,1
7976,1
105-B-124,1
108-C-037,1
088-B-001,1
004-B-008,1
004-B-020,1
6089,1
004-C-025,1
004-C-011,1
003-B-083,1
MEZANINO-N015,1
108-B-139/MEZANINO-0,1
3367,1
7671,1
104-A-001,1
MEZANINO-024-N,1
004-B-073,1
001-B-105,1
002-C-005,1
04-B-10/A-002,1
001-B-098,1
001-C-004,1
004-C-013,1
001-B-100,1
047-C-001,1
7973,1
001-B-040,1
002-B-086,1
001-B-068,1
001-C-033,1
108-C-035,1
001-B-086,1
001-B-069,1
002-B-094,1
001-C-056,1
001-B-094,1
4154,1
4058,1
MEZANINO-09-D,1
5227,1
104-C-077,1
4050,1
MEZANINO-027-A,1
003-C-014,1
4195,1
4193,1
4196,1
016-H-001,1
MEZANINO-J-021,1
001-B-099,1
001-B-010,1
098-A-003,1
6403,1
7417,1
MEZANINO-014-Q,1
6389,1
MEZANINO-018-V,1
020-H-004,1
106-B-080,1
108-C-067,1
103-B-110,1
001-B-035,1
3476,1
MEZANINO-05-K,1
7679,1
79,1
001-B-024,1
001-B-055,1
MEZANINO-030-Q,1
105-B-033,1
6427,1
104-C-017,1
05-A-002,1
MEZANINO-028-V,1
MEZANINO-K-018,1
106-A-044,1
MEZANINO-021-E,1
064-E-008,1
004-C-063,1
3709,1
MEZANINO-018-X,1
002-B-026,1
111-C-123,1
001-C-021,1
106-B-117,1
002-B-023,1
3370,1
096-C-001,1
002-B-034,1
6396,1
001-C-028,1
192-A-54,1
4085,1
002-C-016,1
003-C-017,1
3477,1
105-B-027,1
003-B-013,1
002-B-063,1
002-C-042,1
002-B-062,1
002-B-099,1
5508,1
001-B-012,1
001-B-001,1
106-B-011,1
3466,1
110-B-099,1
001-C-032,1
3623,1
001-B-077,1
7457,1
071-B-003,1
005-C-056,1
MEZANINO-016-A,1
7485,1
001-B-005,1
002-B-025,1
001-B-014,1
4214,1
6609,1
001-B-041,1
048-F-003,1
3384,1
6393,1
7612,1
6082,1
7581,1
002-B-058,1
002-B-030,1
002-C-031,1
004-B-049,1
002-B-033,1
4096,1
02-A-002,1
004-C-078,1
103-B-096,1
MEZANINO-029-M,1
004-C-036,1
104-C-025,1
MEZANINO-012-Q,1
20-C-003,1
MEZANINO-09-L,1
111-B-137,1
4180,1
MEZANINO-N-002,1
103-C-094,1
103-B-034,1
102-B-069,1
004-C-048,1
0,1
102-B-011,1
003-B-069,1
6679,1
3917,1
102-B-034,1
103-B-042,1
3642,1
001-B-045,1
MEZANINO-030-B,1
004-B-047,1
5596,1
105-B-099,1
004-B-060,1
MEZANINO-002-W,1
059-G-004,1
4087,1
4270,1
6312,1
4075,1
104-B-113,1
102-C-074,1
103-C-111,1
7598,1
4092,1
108-B-076,1
102-B-088,1
102-C-052,1
MEZANINO-062-V,1
001-B-056,1
6423,1
003-B-005,1
MEZANINO-024-W,1
102-C-013,1
009-C-041,1
3465,1
068-A-004,1
103-B-113,1
105-B-065,1
107-C-047,1
103-B-131,1
103-C-050,1
102-C-069,1
103-B-010,1
052-G-006/SUP,1
5652,1
MEZANINO-K-015,1
6551,1
051-E-003,1
004-B-050,1
003-C-057,1
102-B-019,1
102-C-079/SUP,1
4143,1
004-C-002,1
060-G-003,1
4123,1
3658,1
108-B-106,1
048-C-003,1
104-C-079,1
003-B-040,1
020-I-006,1
004-C-062,1
004-B-027,1
006-B-047,1
102-C-118,1
102-C-117,1
102-C-057,1
108-C-003,1
103-C-121,1
106-C-025,1
003-B-097,1
103-C-118,1
109-C-030,1
102-C-119,1
102-C-115,1
3930,1
004-B-039,1
103-B-015,1
102-B-020/SUP,1
109-SUP,1
MEZANINO-060-D,1
MEZANINO-003-I,1
108-C-071,1
MEZANINO-028-K,1
103-B-115,1
3479,1
6563,1
102-B-082,1
6406,1
003-B-004,1
001-C-006,1
102-B-081,1
102-B-086/A-002,1
002-B-060,1
001-C-076,1
6314,1
001-C-038,1
064-G-001,1
001-C-010,1
001-C-069,1
001-C-073,1
003-B-055,1
3888,1
4069,1
064-B-001,1
004-B-028,1
3687,1
003-B-080,1
827,1
003-B-087,1
MEZANINO-014-R,1
103-B-120,1
003-B-028,1
MEZANINO-028-H,1
020-A-003,1
102-B-097,1
001-C-035,1
97-C-02,1
4235,1
001-B-066,1
3881,1
001-C-026,1
6553,1
048-H-008,1
002-C-044,1
105-B-005,1
104-B-025,1
111-C-036,1
055-C-006,1
020-B-004,1
003-B-073,1
103-C-005,1
003-B-095,1
6209,1
3374,1
MEZANINO-09-K,1
104-B-049,1
004-C-047,1
002-B-077,1
103-B-085,1
003-B-039,1
003-C-028,1
102-B-058,1
MEZANINO-028-R,1
102-B-039,1
1077,1
103-B-076,1
108-B-074,1
3691,1
3874,1
002-C-040,1
103-B-023,1
MEZANINO-028-Q,1
4136,1
3354,1
3672,1
105-C-051,1
020-B-002,1
105-B-057,1
103-B-080,1
102-C-091,1
102-B-025,1
5230,1
MEZANINO-006-G,1
059-E-002,1
001-C-014,1
5568,1
7268,1
6316,1
001-C-017,1
048-G-005,1
001-B-023,1
5101,1
063-F-002,1
010-A-001,1
002-C-012,1
003-B-086-D-001,1
020-A-004,1
102-B-007,1
111-C-024,1
5889,1
5888,1
060-B-004/SUP,1
5878,1
5880,1
4091,1
5879,1
103-B-063,1
102-C-010,1
102-B-070,1
102-B-026,1
068-H-007,1
004-B-066,1
003-C-052,1
103-B-074,1
103-B-122,1
MEZANINO-031-B,1
103-C-003,1
103-C-070,1
102-C-124,1
103-B-017,1
MEZANINO-01-K,1
063-E-006,1
103-B-021,1
103-B-019,1
102-C-132,1
103-C-083,1
103-C-056,1
103-B-013,1
103-B-029,1
103-B-012,1
103-D-001,1
103-B-022,1
008-B-094,1
004-C-058,1
4190,1
002-B-027,1
002-B-041,1
104-C-128/129,1
104-C-131/132,1
3661,1
105-C-019,1
102-B-027,1
103-C-027,1
MEZANINO-C-001,1
6097,1
002-C-009,1
103-B-046,1
004-B-055,1
005-D-008,1
5243,1
MEZANINO-030-M,1
004-B-041,1
020-I-007,1
003-C-011,1
020-G-009,1
003-B-057,1
4153,1
107-C-013,1
102-B-051,1
3219,1
003-B-089,1
103-C-081,1
004-B-062,1
7618,1
004-B-002,1
3341,1
003-C-034,1
003-B-070,1
001-C-009,1
002-B-069,1
3467,1
191-A-088,1
191-A-019,1
7659,1
002-C-047,1
001-C-003,1
059-F-007,1
103-C-112,1
192-A-134,1
103-C-097,1
004-B-045,1
MEZANINO-030-0,1
MEZANINO-052-M,1
001-B-053,1
3670,1
056-E-001,1
102-C-009,1
056-G-001,1
3660,1
3632,1
103-C-065,1
MEZANINO-O-024,1
064-D-007,1
004-B-043,1
4172,1
103-B-112,1
048-C-007,1
103-C-130,1
108-C-095,1
MEZANINO-022-E,1
102-B-127,1
7673,1
065-H-004,1
3713,1
007-C-009,1
6384,1
MEZANINO-025-L,1
7636,1
4202,1
MEZANINO-48-N,1
MEZANINO-J-003,1
MEZANINO-J-030,1
3910,1
103-B-058,1
009-C-016,1
4161,1
MEZANINO-E-002,1
MEZANINO-030-N,1
003-B-091,1
064-H-003,1
002-B-105,1
092-B-001,1
102-B-023,1
003-B-015,1
003-B-029,1
004-C-071,1
001-C-011,1
112-B-119,1
1095,1
4090,1
6405,1
2845,1
4040,1
5727,1
064-D-008,1
MEZANINO-023-N,1
003-C-027,1
6440,1
7557,1
3375,1
068-C-003,1
068-C-004,1
3711,1
102-C-016,1
MEZANINO-028-J,1
103-C-131,1
3373,1
6102,1
6443,1
104-B-002,1
002-B-079,1
002-B-039,1
059-H-003,1
4271,1
010-B-054,1
102-B-123,1
003-B-049,1
102-B-049,1
102-B-063,1
102-B-089/A-002,1
102-C-031,1
060-D-002,1
102-C-012,1
4045,1
016-E-005 - SUP,1
001-C-018,1
4038,1
6123,1
4053,1
103-B-105,1
067-G-004,1
004-B-009,1
102-B-078,1
004-B-016,1
102-B-102,1
MEZANINO-013-K,1
7044,1
004-C-038,1
003-C-005,1
003-B-076,1
103-B-088,1
003-B-056,1
063-F-005,1
108-B-161,1
6558,1
109-B-010,1
2847,1
MEZANINO-013-M,1
109-C-005,1
103-C-054,1
103-C-055,1
002-B-103,1
3659,1
103-C-016,1
MEZANINO-022-M,1
3702,1
3712,1
056-C-004/SUP,1
3662,1
3675,1
3706,1
056-H-007,1
5746,1
6399,1
063-I-005/006,1
4098,1
004-C-029,1
MEZANINO-031-Z16,1
MEZANINO-024-I,1
102-C-062,1
020-A-001,1
3671,1
108-B-140,1
047-A-003,1
103-C-084,1
103-C-123,1
103-C-064,1
002-C-024,1
3639,1
3645,1
020-D-007,1
108-C-029,1
102-C-059,1
105-C-043,1
5881,1
016-E-005/SUP,1
102-B-001,1
108-C-030,1
103-B-109,1
4057,1
004-B-053,1
002-C-038,1
001-C-049,1
4151,1
099-C-002,1
001-C-044,1
103-B-069,1
111-B-078,1
MEZANINO-022-I,1
002-C-027,1
3469,1
004-C-050,1
4837,1
002-C-008,1
4088,1
020-A-002,1
MEZANINO-05-C,1
004-C-064,1
103-B-054,1
MEZANINO-016-U,1
103-C-091,1
MEZANINO-G-031,1
102-B-131,1
020-B-006,1
102-C-030,1
110-C-116,1
004-B-025,1
102-C-020,1
102-C-092,1
1148,1
001-C-002,1
004-C-033,1
3700,1
3701,1
103-B-132,1
102-B-056,1
060-F-007,1
4169,1
020-B-008,1
104-B-090,1
068-F-006,1
003-B-025,1
108-B-107,1
004-B-029,1
102-C-128,1
104-B-060,1
102-B-022,1
001-B-034,1
016-G-001,1
002-C-081,1
008-B-058,1
002-C-082,1
060-B-002,1
3907,1
103-B-055,1
4152,1
103-C-002,1
060-H-005,1
3909,1
060-H-004,1
4142,1
001-B-047,1
001-B-048,1
4145,1
3388,1
4654,1
6203,1
106-C-113,1
3891,1
103-C-119,1
004-C-030,1
102-C-011,1
103-B-043,1
102-B115,1
103-B-117,1
064-C-003,1
102-B-032,1
102-B-126,1
MEZANINO-Y-006,1
004-B-052,1
102-B-064,1
5607,1
016-E-004/SUP,1
102-C-066,1
102-B-050/SUP,1
103-D-002,1
003-B-019/A-002,1
004-B-079,1
MEZANINO-05-F,1
102-C-099,1
102-B-062,1
102-C-078,1
102-C-046,1
102-B-061,1
102-B-113,1
102-B-079,1
102-C-111,1
MEZANINO-005-N,1
102-B-057,1
102-C-098,1
102-B-096,1
3882,1
048-A-003,1
MEZANINO-02-G,1
020-D-006,1
047-F-001,1
001-B-072,1
4209,1
5884,1
4076,1
064-E-008/SUP,1
102-B-028,1
102-C-093,1
MEZANINO-052-D,1
4851,1
002-C-001,1
102-B-091,1
102-C-113,1
102-B-014,1
102-C-097,1
102-C-096,1
102-C-116,1
102-C-050,1
001-B-097,1
001-C-084,1
103-C-096,1
MEZANINO-I-005,1
102-B-132,1
5763,1
102-B-092,1
105-C-113,1
001-C-082,1
102-B-098/099,1
106-C-097/098,1
192-A-129,1
6627,1
104-C-020,1
4060,1
003-B-011/A-002,1
102-B-022/A-002,1
102-C-033,1
003-B-088,1
056-E-004,1
102-B-112,1
004-B-054,1
105-B-058,1
MEZANINO-022-U,1
102-C-094,1
102-C-022,1
102-C-089,1
102-C-084/SUP,1
102-C-064,1
103-C-082,1
002-C-036,1
102-C-021,1
102-C-086,1
102-C-023,1
102-C-088,1
106-C-104,1
102-B-093,1
102-B-120,1
102-B-121,1
102-C-087/SUP,1
102-C-122,1
4156,1
4155,1
102-C-085/SUP,1
7622,1
001-B-033,1
1114,1
1093,1
MEZANINO-H-08,1
MEZANINO-012-P,1
102-B-130,1
MEZANINO-027-F,1
4257,1
020-F-008,1
108-B-164,1
102-C-035,1
055-F-003,1
3877,1
105-C-112,1
055-C-001,1
108-C-033,1
108-C-064,1
103-B-009,1
003-C-030,1
107-C-024,1
102-C-071,1
6202,1
059-A-004,1
104-C-111,1
008-B-051,1
001-C-022,1
078-H-006,1
108-B-066,1
MEZANINO-024-T,1
103-B-066,1
052-C-007,1
MEZANINO-D-005,1
044-D-003,1
001-B-009,1
002-C-029,1
103-C-099,1
002-B-048,1
001-B-110,1
102-C-101,1
064-F-006,1
060-H-008,1
048/SUP,1
MEZANINO-030-E,1
104-C-036,1
104-B-051,1
104-B-031,1
001-C-075,1
104-B-067,1
5644,1
5642,1
020-D-002,1
105-C-020,1
004-B-014,1
105-B-023,1
MEZANINO-L-015,1
MEZANINO-O-015,1
103-C-017,1
6397,1
5986,1
052-G-008,1
001-B-026,1
104-B-059,1
002-B-071,1
103-B-107,1
MEZANINO-016-W,1
7682,1
004-C-073,1
102-B-044,1
001-B-007,1
001-B-104,1
002-B-036,1
006-B-082,1
3893,1
3885,1
MEZANINO-A-031,1
005-D-006,1
005-C-068,1
104-B-044,1
102-B-087,1
4229,1
6608,1
020-F-006/007,1
104-B-078,1
7245,1
006-D-008,1
091-A-001,1
104-C-052,1
6661,1
108-B-040,1
001-C-052,1
002-C-078,1
003-C-058,1
102-B-128,1
102-B-012,1
102-B-016,1
7979,1
105-C-027,1
104-B-019,1
001-C-057,1
003-B-037,1
103-C-127,1
3416,1
004-B-007,1
002-C-025,1
104-B-009,1
104-B-010,1
001-B-002,1
821,1
102-B-015,1
105-C-011,1
102-B-013,1
004-C-014,1
104-B-098,1
4175,1
110-B-138,1
020-G-007,1
004-B-013,1
001-B-087,1
192-A-081,1
001-C-027,1
002-C-017,1
003-C-001,1
6101,1
1099,1
020-E-005,1
002-B-021,1
MEZANINO-010-H,1
102-C-006,1
102-B-117,1
102-C-095,1
004-B-003,1
7275,1
004-B-063,1
102-C-008,1
103-B-121,1
001-B-106,1
003-C-050,1
103-C-024,1
102-C-090,1
MEZANINO-J-015,1
MEZANINO-005-M,1
060-A-002,1
103-B-008,1
103-B-079,1
001-B-030,1
272,1
103-B-099,1
104-B-083,1
052-H-004,1
5622,1
004-B-017,1
001-B-103,1
001-C-045,1
003-B-045,1
103-B-094,1
003-B-036,1
003-C-047,1
063-B-007,1
003-B-096,1
002-B-104,1
067-G-006,1
104-C-035,1
102-B-018,1
104-C-051,1
4089,1
MEZANINO-018-D,1
003-B-066,1
004-B-076,1
4139,1
051-F-002,1
105-B-077,1
020-F-009,1
3407,1
104-B-088,1
3898,1
102-B-053,1
102-B-090,1
003-B-006/SUP,1
002-B-043,1
102-C-081,1
102-C-049,1
004-B-015,1
104-C-069,1
104-B-015/016,1
7801,1
005-C-072,1
5624,1
108-C-094,1
001-B-073,1
105-C-017,1
MEZANINO-M-006,1
002-C-058,1
105-C-035,1
104-B-077,1
104-B-028,1
108-C-069,1
MEZANINO-061-Q,1
064-G-003,1
003-B-023,1
3432,1
004-B-069,1
102-C-027,1
4041,1
MEZANINO-E-034,1
102-B-084,1
102-B-054,1
102-C-112,1
003-B-077,1
004-B-031,1
102-B-080,1
102-C-051,1
002-B-051,1
102-C-055,1
003-B-062,1
102-B-095,1
003-C-046,1
102-B-055,1
003-B-093,1
004-B-006,1
004-B-011,1
102-B-085,1
Vazio,6
097-A-003,1
097-C-003,1
097-B-003,1
097-A-002,1
097-A-001,1
097-B-002,1
096-D-003,1
095-B-001,1
097-C-001,1
096-B-001,1
97-D-001,1
097-C-002,1
097-D-001,1
097-B-001,1
097-D-002,1
095-C-003,1
097-D-003,1
096-A-002,1
096-C-002,1
096-A-001,1
096-C-003,1
095-A-002,1
095-B-002,1
096-D-001,1
096-D-002,1
7932,1
095-C-001/D-001,1
7211,1
7939,1
7942,1
095-D-003,1
7931,1
7940,1
7944,1
7936,1
095-D-002,1
7213,1
7937,1
7943,1
095-D-001,1
7934,1
099-D-002,1
7899,1
7900,1
099-D-003/2EXT-I,1
099-C-001,1
099-D-03/2EXT-I,1
MEZANINO-031-Z19,1
7897,1
PISO ALMOXIFADO,1
SALA CLIMATIZADA,1
MEZANINO-004-M,1
MEZANINO-028-O,1
051-E-002,1
MEZANINO-H-025,1
MEZANINO-062-I,1
068-B-003,1
MEZANINO-030-P,1
MEZANINO-062-X,1
MEZANINO-025-N,1
MEZANINO-59-J,1
MEZANINO-026-G,1
MEZANINO-F-025,1
MEZANINO-030-A,1
MEZANINO-060-J,1
051-H-010,1
067-E-003,1
MEZANINO-030-W,1
MEZANINO-028-U,1
MEZANINO-030-F,1
MEZANINO-034-C,1
079-B-003,1
MEZANINO-028-E,1
MEZANINO-026-Q,1
MEZANINO-59-Y,1
MEZANIINO-027-D,1
MEZANINO-028-S,1
MEZANINO-026-A,1
MEZANINO-030-L,1
MEZANINO-025-O,1
105-B-098,1
MEZANINO-027-E,1
067-C-005,1
MEZANINO-001-H,1
070-E-006,1
MEZANINO-Z9-031,1
MEZANINO-X-031,1
MEZANINO-026-V,1
MEZANINO-026-T,1
MEZANIINO-027-C,1
MEZANINO-026-M,1
074-SUP,1
7999,1
6448,1
MEZANINO-062-Z18,1
MEZANINO-026-X,1
MEZANINO-062-Z10,1
068-D-007/SUP,1
MEZANINO-028-A,1
MEZANIINO-026-L,1
MEZANINO-058-G,1
MEZANINO-59-E,1
MEZANINO-062-D,1
MEZANINO-030-D,1
MEZANINO-062-E,1
MEZANIINO-026-B,1
7834,1
MEZANINO-062-M,1
MEZANINO-026-B,1
MEZANINO-I-025,1
051-A-007,1
MEZANINO-030-R,1
MEZANINO-028-X,1
MEZANIINO-026-R,1
MEZANINO-062-O,1
MEZANIINO-026-Y,1
MEZANINO-026-E,1
105-B-116,1
MEZANINO-031-F,1
MEZANINO-062-G/P/Y/Z,1
MEZANINO-030-I,1
MEZANIINO-026-M,1
MEZANINO-062-P,1
MEZANINO-Q-031,1
MEZANINO-014-Y,1
048-G-006,1
MEZANINO-030-K,1
048-H-004,1
MEZANIINO-027-M,1
MEZANINO-M-025,1
MEZANINO-054-H,1
MEZANINO-031-Z17,1
067-D-006,1
MEZANINO-59-O,1
PISO PRE,1
MEZANINO-062-Z16,1
MEZANINO-Z8-031,1
MEZANINO-062-Z7,1
MEZANINO-061-E-J-O-T,1
105-C-114,1
MEZANINO-060-G,1
MEZANINO-60-H,1
MEZANINO-060-H,1
068-F-002,1
067-D-008,1
MEZANINO-062-Z,1
MEZANINO-035-H,1
MEZANINO-031-Z1,1
068-E-002,1
MEZANINO-062-H,1
MEZANINO-028-B,1
068-G-006,1
MEZANINO-031-Z18,1
MEZANINO-030-V,1
079-D-002,1
MEZANINO-028-M,1
075-C-013,1
MEZANINO-031-Q,1
MEZANINO-01-A,1
MEZANINO-061-K,1
MEZANINO-061-R,1
076-B-004,1
067-F-008,1
104-C-125,1
4791,1
3387,1
MEZANINO-028-G,1
MEZANINO-031-O,1
5466,1
MEZANINO-031-Z001,1
MEZANINO-061-J,1
3376,1
MEZANINO-026-W,1
MEZANINO-C-025,1
6109,1
076-D-005,1
MEZANINO-044-L,1
MEZANINO-026-C,1
077-G-005,1
MEZANINO-028-F,1
MEZANINO-028-C,1
MEZANINO-028-L,1
4046,1
MEZANINO-028-P,1
105-B-031,1
4239,1
5329,1
4573,1
7208,1
MEZANINO-003-O,1
MEZANINO-028-W,1
4261,1
4771,1
MEZANINO-030-C,1
MEZANINO-026-R,1
MEZANINO-044-G,1
MEZANINO-E-025,1
6394,1
071-A-001/SUP,1
MEZANINO-030-U,1
MEZANINO-027-D,1
MEZANINO-F-031,1
MEZANINO-003-I/003-O,1
MEZANINO-K-025,1
MEZANINO-062-Z5,1
MEZANINO-044-O,1
7458,1
7460,1
MEZANINO-N-025,1
MEZANINO-028-C/31R,1
7489,1
082-C-006,1
MEZANINO-028-D,1
067-G-004/H-004/SUP,1
071-D-001,1
067-C-004,1
051-E-006,1
3382,1
3381,1
MEZANINO-061-P,1
MEZANINO-027-L,1
MEZANINO-062-Y,1
072-C-002,1
MEZANINO-062-R,1
MEZANINO-07-D,1
105-B-042,1
4440,1
MEZANINO-A-034,1
51-C-006,1
MEZANINO-M-1,1
MEZANINO-Z18-31,1
048-E-002,1
074-G-008,1
MEZANINO-026-P,1
MEZANINO-59-T,1
048-E-005,1
048-F-002,1
MEZANINO-061-H,1
MEZANINO-062-Z014,1
076-C-002,1
MEZANINO-027-C,1
MEZANINO-03-I,1
4186,1
MEZANINO-030-T,1
4220,1
5520,1
5522,1
MEZANINO-061-L,1
051-G-009,1
7315,1
MEZANINO-062-Q,1
105-B-080,1
4788,1
MEZANINO-061-M,1
051-C-003,1
072-E-009,1
MEZANINO-T-030,1
7512,1
MEZANINO-062-Z15,1
076-C-008,1
108-C-032,1
4274,1
110-SUP,1
4047,1
067-F-004,1
MEZANINO-026-F,1
6386,1
MEZANINO-J-001,1
077-C-009,1
4199,1
6556,1
7521,1
7559,1
MEZANINO-026-G/Y31,1
7431,1
MEZANINO-M-062,1
MEZANIINO-026-S,1
067-H-002,1
5509,1
MEZANINO-Z3-031,1
MEZANINIO-062-Y,1
MEZANINO-061-A,1
MEZANINO-K-003,1
MEZANINO-004-J,1
MEZANINO-I-004,1
MEZANINO-04-X,1
MEZANINO-004-V,1
MEZANINO-004-O,1
MEZANINO-G-004,1
MEZANINO-P-004,1
MEZANINO-K-004,1
098-C-001,1
MEZANINO-L-004,1
MEZANINO-X-004,1
MEZANINO-04-R,1
MEZANINO-F-004,1
MEZANINO-004-N,1
MEZANINO-V-004,1
MEZANINO-K-O35,1
MEZANINO-004-C,1
047-H-001,1
MEZANINO-04-V,1
MEZANINO-04-D,1
MEZANINO-04-Q,1
098-SUP,1
MEZANINO-04-N,1
4223,1
MEZANINO-A-004,1
095-A-003,1
MEZANINO-F-035,1
MEZANINO-001-N,1
MEZANINO-004-X,1
105-C-040,1
MEZANINO-014-U,1
MEZANINO-04-M,1
MEZANINO-04-W,1
ARMARIO,1
5724,1
4031,1
MEZANINO-004-W,1
4192,1
105-C-077,1
MEZANINO-037-P,1
099-D-003,1
MEZANINO-058-J,1
MEZANINO-037-K,1
7965,1
MEZANINO-062-N,1
6511,1
7898,1
7848,1
075-SUP,1
GELADEIRA,1
SALA CLIMATIZADO-EXT,1
109-B-112,1
068-B-001/SUP,1
072-B-014,1
072-A-009,1
072-D-004,1
072-A-004,1
4201,1
072-G-004,1
072-A-012,1
072-H-002,1
FERRAMENTARIA,1
072-B-011,1
072-G-001,1
6509,1
072-B-001,1
072-B-004,1
072-B-015,1
072-F-008,1
072-F-001,1
072-B-005,1
072-C-006,1
072-B-003,1
5358,1
072-E-004,1
072-A-007,1
MEZANINO-052-G,1
073-B-002,1
072-G-002,1
068-H-002,1
068-G-001,1
072-B-010,1
072-F-011,1
072-D-009,1
072-D-010,1
067-G-002,1
MEZANINO-035-L,1
072-H-004,1
072-B-016,1
6522,1
072-D-005,1
072-B-007,1
6506,1
072-E-008,1
072-A-002,1
072-B-09,1
072-C-005,1
072-A-010,1
072-A-005,1
6524,1
6523,1
072-D-008,1
072-A-001,1
072-D-006,1
6490,1
072-C-003,1
072-D-001,1
6508,1
072-H-001,1
072-D-002,1
072-J-008,1
072-B-002,1
072-E-003,1
072-F-004,1
072-E-005,1
072-F-006,1
072-E-010,1
068-G-002,1
072-B-013,1
6492,1
6482,1
20-B-004,1
4367,1
072-F-007,1
072-G-003,1
072-I-007,1
072-D-003,1
6483,1
072-J-007,1
072-E-002,1
4357,1
073-D-008,1
072-E-001,1
4378,1
4203,1
073-A-003,1
072-G-007,1
MEZANINO-Q-004,1
MEZANINO-004-S,1
4234,1
6446,1
072-C-004,1
6479,1
073/SUP,1
4370,1
072-B-012,1
4358,1
072-A-011,1
102-C-060,1
6484,1
6488,1
4393,1
072-C-012,1
072-C-011,1
072-A-006,1
072-B-008,1
072-G-006,1
MEZANINO-02-F,1
CLIMATIZADO/EXT-I,1
019-A-001,2
023-A-001,2
026-A-001,2
025-A-001,2
024-A-001,2
020-A-001,2
Vazio,2
017-A-001,2
008-A-001,2
009-A-001,2
5528,2
6063,2
021-A-001,2
010-A-001,2
004-A-001,2
013-A-001,2
007-A-001,2
002-A-001,2
1228,2
5546,2
002-A-001,6
1565,2
5547,2
005-A-001,6
005-A-001,2
006-A-001,2
018-A-001,2
1471,2
007-H-002,2
012-A-001,2
022-A-001,2
003-A-001,2
001-A-001,6
011-A-001,2
001-A-001,2
797,2
018-A-001,6
021-A-001,6
019-A-001,6
1070,2
937,2
921,2
011-A-001,6
001-A-006,4
001-A-002,4
Vazio,4
002-A-003,4
003-A-003,4
Vazio,5
03-A-002,4
002-A-005,4
MEZANINO-038-A,4
003-A-011,4
158,5
1,5
MEZANINO-038-F,4
5084,4
CONTAINER-02,5
137,5
333,5
52,5
7825,5
090-A-003,5
CONTAINER-01,5
MEZANINO-M-023,5
MEZANINO-R-018,5
MEZANINO-E-062,5
MEZANINO-05-G,5
010-A-002,5
7559,5
3,5
7542,5
MEZANINO-B-062,5
MEZANINO-038-G,4
MEZANINO-036-C,4
MEZANINO-036-D,4
MEZANINO-036-M,4
MEZANINO-038-N/O,4
MEZANINO-036-O,4
MEZANINO-038-I,4
MEZANINO-038-D,4
069-B-001,4
MEZANINO-036-B,4
020-SUP,4
MEZANINO-B-031,4
PISO,5
005-B-045,4
05-C-050,4
005-B-066,4
005-B-007,4
MEZANINO-Z4-031,4
MEZANINO-031-K,4
005-C-029,4
6210,5
6217,5
6213,5
3968,5
7881,5
093-A-002,5
DPU,5
6238,5
6250,5
3932,5
MEZANINO-I-021,5
MEZANINO-019-G,5
005-C-010,4
6215,5
6216,5
MEZANINO-020-G,5
MEZANINO-21-N/K,5
MEZANINO-031-D,5
MEZANINO-028-S,5
MEZANINO-A-034,5
7315,5
001-A-005,3
001-A-003,3
003-A-008,3
003-A-001,3
002-A-004,3
5084,3
001-A-004,3
139,3
003-A-003,3
5089,3
5763,3
001-A-001,3
01-A-004,3
002-A-003,3
002-A-001,3
01-A-002,3
02-A-001,3
002-A-002,3
001-A-002,3
138,3
003-A-004,3
01-A-003,3
DEP.LUBRIF,3
003-A-005,3
003-A-002,3
001-A-008,3
001-A-006,3
54,3
55,3
5083,3
56,3
137,3
57,3
5086,3
001-A-001/SUP,3
Vazio,3
5088,3
52,3
5085,3
003-A-007,3
003-A-010,3
002-A-005,3
3,3
003-A-011,3
03-A-002,3
01-A-001,3
01-A-007,3
01-A-005,3
003-A-012,3
003-A-006,3
02-A-003,3
02-A-002,3
7316,3
5684,3
01-A-008,3
02-A-004,3
02-A-005,3
001-A-009,3
DEP.LUBR/PISO,3
001-A-007,3
002-A-004/A-001,3
5087,3
